{
  "h1": {
    "hypothesis": "H1 - Bottleneck Hypothesis",
    "alphas": [
      1.0,
      2.0,
      5.0,
      10.0,
      20.0,
      50.0
    ],
    "coconut_by_alpha": {
      "1.0": 0.0,
      "2.0": 0.012121212121212121,
      "5.0": 0.13316017316017317,
      "10.0": 0.2496277056277056,
      "20.0": 0.3818701298701298,
      "50.0": 0.5065627705627705
    },
    "verbal_by_alpha": {
      "1.0": 0.0,
      "2.0": 0.0,
      "5.0": 0.0,
      "10.0": 0.0,
      "20.0": 0.0,
      "50.0": 0.0
    },
    "coconut_flip_rate": 0.2496277056277056,
    "verbal_flip_rate": 0.0,
    "coconut_n": 197,
    "verbal_n": 197,
    "coconut_flipped": 48,
    "verbal_flipped": 0,
    "chi2_statistic": 52.40522639691715,
    "p_value": 4.5152070247911657e-13,
    "cohens_h": 1.04633756056688,
    "significant": true,
    "supported": true,
    "mid_alpha": 10.0
  },
  "h2": {
    "hypothesis": "H2 - Separation Hypothesis",
    "alphas": [
      1.0,
      2.0,
      5.0,
      10.0,
      20.0,
      50.0
    ],
    "coconut_incoh_by_alpha": {
      "1.0": 1.0,
      "2.0": 0.9878787878787879,
      "5.0": 0.8668398268398269,
      "10.0": 0.7503722943722944,
      "20.0": 0.6181298701298702,
      "50.0": 0.49343722943722945
    },
    "verbal_incoh_by_alpha": {
      "1.0": 1.0,
      "2.0": 1.0,
      "5.0": 1.0,
      "10.0": 1.0,
      "20.0": 1.0,
      "50.0": 1.0
    },
    "coconut_incoherence_rate": 0.7503722943722944,
    "verbal_incoherence_rate": 1.0,
    "supported": true
  },
  "h3": {
    "hypothesis": "H3 - Difficulty Scaling",
    "alphas": [
      1.0,
      2.0,
      5.0,
      10.0,
      20.0,
      50.0
    ],
    "hops": [
      3,
      4,
      5
    ],
    "flip_by_alpha": {
      "1.0": [
        0.0,
        0.0,
        0.0
      ],
      "2.0": [
        0.0,
        0.0,
        0.0
      ],
      "5.0": [
        0.13333333333333333,
        0.15,
        0.05714285714285714
      ],
      "10.0": [
        0.2833333333333334,
        0.3125,
        0.11428571428571428
      ],
      "20.0": [
        0.5,
        0.42500000000000004,
        0.27142857142857146
      ],
      "50.0": [
        0.6333333333333333,
        0.5625,
        0.4
      ]
    },
    "flip_rates": [
      0.2833333333333334,
      0.3125,
      0.11428571428571428
    ],
    "slope": -0.08452380952380943,
    "correlation": -0.7898116875099311,
    "increasing": false,
    "supported": false,
    "mid_alpha": 10.0
  },
  "alphas": [
    1.0,
    2.0,
    5.0,
    10.0,
    20.0,
    50.0
  ]
}