{
  "early": {
    "mean": 0.11185383244206773,
    "ci_low": 0.10382483030987824,
    "ci_high": 0.11988283457425722,
    "n": 88,
    "n_classes": 37,
    "chance": 0.02702702702702703
  },
  "middle": {
    "mean": 0.3105128205128205,
    "ci_low": 0.30660378917887643,
    "ci_high": 0.3144218518467645,
    "n": 66,
    "n_classes": 30,
    "chance": 0.03333333333333333
  },
  "late": {
    "mean": 0.2683982683982684,
    "ci_low": 0.2114011763389891,
    "ci_high": 0.3253953604575477,
    "n": 53,
    "n_classes": 28,
    "chance": 0.03571428571428571
  }
}