{
  "early": {
    "mean": 0.04226084373143196,
    "ci_low": 0.03968744561214045,
    "ci_high": 0.044834241850723475,
    "n": 88,
    "n_classes": 37,
    "chance": 0.02702702702702703
  },
  "middle": {
    "mean": 0.048461538461538466,
    "ci_low": 0.009015858637193522,
    "ci_high": 0.08790721828588341,
    "n": 68,
    "n_classes": 30,
    "chance": 0.03333333333333333
  },
  "late": {
    "mean": 0.03571428571428571,
    "ci_low": -0.013783188968772606,
    "ci_high": 0.08521176039734403,
    "n": 54,
    "n_classes": 28,
    "chance": 0.03571428571428571
  }
}